seed,round,agent_name,agent_role,agent_action,forecast_demand,demand_true,demand_obs,trend_component,season_component,shock_component,noise_component,market_avg_price,market_total_sales,inventory_start,reputation_start,price,quantity,available_supply,attractiveness,demand_share,allocated_demand,shortage_pre_transfer,surplus_pre_transfer,transfer_in,transfer_out,transfer_cost,transfer_revenue,coop_accept_rate,realized_sales,shortage_post_transfer,inventory_end,obsolescence_units,revenue,prod_cost,holding_cost,obsolescence_cost,sla_penalty,menu_cost,profit,cum_profit,service_rate,help_ratio,dump_flag,default_flag,reputation_end,rep_delivery_start,rep_pricing_start,rep_cooperation_start,rep_delivery_end,rep_pricing_end,rep_cooperation_end,reasoning,strategy_adjustment
7,0,Hyperscaler,hyperscaler,forecast=184;price=5.00;quantity=120,184,181,184,180.0,2.9552020666133956,0.0,-1.791162019133203,5.533333333333334,176.66336516009474,30.0,0.65,5.0,120,150.0,-2.67,0.4108514261128981,74.36410812643456,0.0,75.63589187356544,0.0,15.0,0.0,78.75,1.0,74.36410812643456,0.0,45.47691890517408,15.15897296839136,371.82054063217277,576.0,4.547691890517409,3.78974324209784,0.0,0.008000000000000007,-133.77489450044249,-133.77489450044249,1.0,0.19831854465435958,0,0,0.6873949090408975,0.7375,0.7375,0.5370796361635899,0.7375,0.7375,0.5370796361635899,"Avg cost = $3.00 + $0.015*184 = $5.76 → violates legal floor $4.00 but also violates profit rule (need >= avg cost + $0.50 = $6.26). So reduce quantity until avg cost + $0.50 ≤ $6.0 (legal max). Solve: 3.0 + 0.015q + 0.5 ≤ 6.0 → q ≤ 166.67 → use q=160. Avg cost = $3.00 + $0.015*160 = $5.40; min price = $5.90. Legal price step is $0.2 → choose $6.00. Expected profit = 160*(6.00−5.40) = $96.00. No inventory carryover risk since quantity matches forecast and we start with 30 stock — but we’ll produce only what we sell; use quantity=160, price=6.00.","Starting from fallback (70 units @ $4.20), raised price to $6.00 and increased quantity to 160 to align with observed demand (184), ensure profitability, and stay within legal price cap while avoiding loss."
7,0,PremiumCloud,premium,forecast=184;price=6.60;quantity=100,184,181,184,180.0,2.9552020666133956,0.0,-1.791162019133203,5.533333333333334,176.66336516009474,20.0,0.8,6.6,100,120.0,-3.3599999999999994,0.2060732432798905,37.299257033660176,0.0,82.70074296633982,0.0,15.0,0.0,103.94999999999999,1.0,37.299257033660176,0.0,54.16059437307186,13.540148593267965,246.17509642215714,440.0,4.332847549845749,2.7080297186535933,0.0,0.023999999999999987,-96.93978084634222,-96.93978084634222,1.0,0.18137684695414621,0,0,0.7988360529346342,0.8500000000000001,0.8500000000000001,0.6453442117385366,0.8500000000000001,0.8500000000000001,0.6453442117385366,"Avg cost at qty=100 is $3.40 + $0.010*100 = $4.40. Minimum profitable price = $4.40 + $0.50 = $4.90. Market avg price is $4.97, and our legal floor is $4.40 — we price at $6.60 to reflect premium SLA, brand protection, and risk coverage. Expected revenue = min(184, 100) * $6.60 = $660.00. Cost = 100 * $4.40 = $440.00. Expected profit = $220.00. This avoids inventory carry (we start with only 20 units, but produce fresh; no leftover inventory risk this round), ensures delivery rep by meeting full quantity offered (no shortage), and reinforces pricing fairness rep via disciplined premium pricing. Raising price above market avg is justified: we’re ranked #1 in reputation and must defend that position.","We set quantity to max legal limit (100) because observed demand was high (184) and we have zero prior shortage or inventory — this maximizes capture of profitable demand without overcommitting. Price is held at $6.60 (same as fallback) because it satisfies all floors, exceeds market avg, and aligns with premium positioning. No reduction needed: no prior loss, no leftover inventory, no shortage — so we execute disciplined scale-up."
7,0,SpotBroker,spot,forecast=184;price=5.00;quantity=20,184,181,184,180.0,2.9552020666133956,0.0,-1.791162019133203,5.533333333333334,176.66336516009474,15.0,0.55,5.0,20,35.0,-2.74,0.3830753306072114,69.33663483990526,34.33663483990526,0.0,30.0,0.0,182.7,0.0,0.0,65.0,4.336634839905258,0.0,0.0,325.0,75.2,0.0,0.0,5.637625291876836,0.0029999999999999892,61.45937470812317,61.45937470812317,0.9374553603600994,0.0,0,0,0.59374553603601,0.6468638400900248,0.6625000000000001,0.41250000000000003,0.6468638400900248,0.6625000000000001,0.41250000000000003,"Avg cost at qty=20 is $3.60 + $0.008*20 = $3.76. Minimum profitable price = $3.76 + $0.50 = $4.26. $5.00 >= $4.26 → satisfies profit rule. Expected revenue = 20 * $5.00 = $100.00. Expected cost = 20 * $3.76 = $75.20. Expected profit = $24.80. Quantity capped at 20 because (a) own inventory is only 15.0, and we must avoid shortage penalties; (b) round 0 has no history, so we anchor to fallback quantity (20) — conservative but agile. Raising quantity further risks unsold units (no demand signal yet) and violates inventory_light principle. Pricing at $5.00 is competitive vs market avg ($4.97) but avoids dumping (pricing_fairness_rep safe) and leaves room for upside in volatile rounds.","No prior round to adjust from — this is round 0. We adopt the fallback forecast (55) as a baseline but override it with observed demand (184) to reflect real-time signal; however, we hold quantity at 20 (not 184) because inventory is only 15.0 and scaling up requires procurement lead time we don’t have yet. This preserves agility and avoids overcommitment."
7,1,Hyperscaler,hyperscaler,forecast=195;price=5.20;quantity=110,195,197,195,180.6,18.94984674310608,0.0,-2.3886960620916744,5.666666666666667,197.0,45.476918905174074,0.6873949090408975,5.2,110,155.47691890517407,-2.7651261091509225,0.4015437451279208,79.10411779020039,0.0,76.37280111497368,0.0,0.0,0.0,0.0,0.0,79.10411779020039,0.0,57.27960083623026,19.09320027874342,411.3414125090421,511.5,5.727960083623026,4.773300069685855,0.0,0.0040000000000000036,-110.66384764426682,-244.4387421447093,1.0,0.0,0,0,0.7030461817806731,0.8031250000000001,0.8031250000000001,0.4028097271226924,0.8031250000000001,0.8031250000000001,0.4028097271226924,"Avg cost at qty=110 is $3.00 + $0.015*110 = $4.65. Minimum profitable price = $4.65 + $0.50 = $5.15. Price $5.30 satisfies that and stays within legal range [4.0,6.0]. Expected sales ≈ min(110, 195) = 110 (no shortage expected; last round had surplus, so we reduce quantity from 120 to avoid overstock). Revenue = 110 * 5.30 = $583.00. Production cost = 110 * 4.65 = $511.50. Holding/obsolescence risk is lower than last round (inventory was 45.5 units — too high), so cutting quantity to 110 improves margin safety. Expected profit = $583.00 − $511.50 − holding/obsolescence ≈ $60+ (positive, vs last round’s -$133.77). This avoids dumping, respects reputation floors, and aligns with scale leadership without sacrificing profit.",Reduced quantity from 120 to 110 to clear excess inventory (45.5 units carried over) and avoid further losses; raised price from 5.0 to 5.3 to exceed minimum profitable threshold ($5.15) and recover from last round’s -$133.77 loss. Kept forecast aligned with observed demand (195) to maintain delivery reputation.
7,1,PremiumCloud,premium,forecast=195;price=6.60;quantity=80,195,197,195,180.6,18.94984674310608,0.0,-2.3886960620916744,5.666666666666667,197.0,54.16059437307186,0.7988360529346342,6.6,80,134.16059437307186,-3.3613967364784383,0.2211952629902191,43.57546680907316,0.0,90.5851275639987,0.0,4.320415400726446,0.0,29.94047872703427,1.0,43.57546680907316,0.0,69.01176973061781,17.252942432654454,287.59808093988283,336.0,5.520941578449425,3.450588486530891,0.0,0.0,-27.432970398063233,-124.37275124440545,1.0,0.04769453349474016,0,0,0.7896079480443969,0.8875000000000001,0.8875000000000001,0.4959317921775875,0.8875000000000001,0.8875000000000001,0.4959317921775875,"Avg cost at qty=80 is $3.40 + $0.010*80 = $4.20. Minimum profitable price = $4.20 + $0.50 = $4.70. Current price $6.60 > $4.70 → satisfies SLA/risk margin. Last round: sold only 37.3 units out of 100 → massive overstock (inventory now 54.16), and incurred $96.94 loss. Holding/obsolescence costs were high ($4.33 + $2.71). Reducing quantity from 100 to 80 cuts production cost by $88 (from $440 → $352), reduces holding/obsolescence exposure, and better aligns with observed demand (195 realized, but allocation was capped — likely due to low sales velocity or pricing friction). Expected profit: assuming full sale of 80 units at $6.60 → revenue = $528. Prod cost = 80 × $4.20 = $336. Gross margin = $192. After conservative holding/obsolescence (~$3.50 + $2.00 ≈ $5.50), net profit ≈ $186.50 — strongly positive vs last round’s -$96.94. This preserves delivery_rep (no shortage), pricing_fairness_rep (price unchanged, well above floor), and avoids cooperation_rep penalty (no refusal to help — no shortage to trigger need).","Reduced quantity from 100 to 80 to eliminate overstock and reverse last round’s loss; kept price at $6.60 to maintain premium positioning, avoid fairness erosion, and stay safely above cost + risk buffer. Forecast updated to match observed demand (195), reflecting improved signal smoothing."
7,1,SpotBroker,spot,forecast=195;price=5.20;quantity=70,195,197,195,180.6,18.94984674310608,0.0,-2.3886960620916744,5.666666666666667,197.0,0.0,0.59374553603601,5.2,70,70.0,-2.8275053567567876,0.37726099188186013,74.32041540072645,4.320415400726446,0.0,4.320415400726446,0.0,29.94047872703427,0.0,0.0,74.32041540072645,0.0,0.0,0.0,386.46616008377754,291.2,0.0,0.0,0.0,0.006000000000000005,65.3196813567433,126.77905606486647,1.0,0.0,0,0,0.6328091520270075,0.7351478800675186,0.7468750000000001,0.309375,0.7351478800675186,0.7468750000000001,0.309375,"Avg cost at qty=70 is $3.60 + $0.008*70 = $4.16/unit. Minimum profitable price = $4.16 + $0.50 = $4.66. $5.20 >= $4.66 and is within legal range [3.8,6.4]. Expected sales = min(70, 195) = 70 (no shortage expected; last round had shortage of ~4.3 but we’re increasing quantity from 20→70 and raising price to improve margin). Revenue = 70 * 5.2 = $364.00. Production cost = 70 * 4.16 = $291.20. Gross profit = $364.00 − $291.20 = $72.80. This exceeds last round’s profit ($61.46) and avoids holding/obsolescence risk by keeping inventory light (70 < max 80) and well below demand forecast (195), preserving flexibility. No leftover inventory expected → no write-downs. Price increase from 5.0→5.2 also improves pricing_fairness_rep and supports delivery_rep via higher SLA buffer.","Increased quantity from 20 to 70 to eliminate shortage (last round shortage was 4.3 units), and raised price from 5.0 to 5.2 to ensure $0.50+ margin above avg cost ($4.16). This corrects under-allocation and under-pricing — both contributed to low unit_profit and reputational drag on delivery and fairness. Inventory remains flexible (70/195 ≈ 36% coverage), consistent with 'inventory_light' style."
7,2,Hyperscaler,hyperscaler,forecast=79;price=5.20;quantity=80,79,198,197,181.2,24.134117409591216,0.0,-7.585040560200625,5.933333333333334,198.0,57.27960083623026,0.7030461817806731,5.2,80,137.27960083623026,-2.746344581863192,0.4685161926440541,92.76620614352271,0.0,44.51339469270755,0.0,0.0,0.0,0.0,0.0,92.76620614352271,0.0,33.38504601953066,11.128348673176887,482.3842719463181,336.0,3.3385046019530664,2.782087168294222,0.0,0.0,140.2636801760708,-104.17506196863849,1.0,0.0,0,0,0.7147846363355049,0.8523437500000001,0.8523437500000001,0.3021072953420193,0.8523437500000001,0.8523437500000001,0.3021072953420193,"Avg cost = $3.00 + $0.015 * 80 = $4.20. Minimum profitable price = $4.20 + $0.50 = $4.70. Price of $5.30 satisfies this and exceeds market avg ($5.6) only slightly — still within legal range (max $6.0) and avoids dumping perception. Expected sales = min(quantity, observed_demand) = min(80, 197) = 80 (no shortage expected; last two rounds had zero shortage but massive over-forecasting: 195→79.1, 184→74.4). Holding/obsolescence costs scale with inventory; current inventory is 57.3 units — cutting quantity to match recent realized demand (~74–79) avoids compounding losses. Revenue = 80 * $5.30 = $424.00. Production cost = 80 * $4.20 = $336.00. Gross profit = $88.00. After modest holding/obsolescence (~$5–$6), net profit > $0 — first positive profit since Round 0. This is the smallest quantity that clears at profitable price while avoiding overstock.","Reduced forecast from 195 → 80 (aggressive de-escalation to align with realized demand, not observed demand); reduced quantity from 110 → 80 to eliminate overproduction and holding drag; raised price from 5.2 → 5.3 to reinforce profitability floor and offset lower volume — all in response to prior negative profit (-133.8) and 57.3 units of costly inventory."
7,2,PremiumCloud,premium,forecast=43;price=7.00;quantity=40,43,198,197,181.2,24.134117409591216,0.0,-7.585040560200625,5.933333333333334,198.0,69.01176973061781,0.7896079480443969,7.0,40,109.01176973061781,-3.6524704623467232,0.1893211507473286,37.48558784797106,0.0,71.52618188264675,0.0,0.0,0.0,0.0,0.0,37.48558784797106,0.0,57.2209455061174,14.30523637652935,262.39911493579746,152.0,4.577675640489392,2.86104727530587,0.0,0.008000000000000007,102.95239202000221,-21.420359224403242,1.0,0.0,0,0,0.7797059610332977,0.915625,0.915625,0.3719488441331906,0.915625,0.915625,0.3719488441331906,"Avg cost at qty=45 is $3.40 + $0.010*45 = $3.85. Minimum profitable price = $3.85 + $0.50 = $4.35. We price at $7.0 (legal max, preserves premium positioning and SLA margin). Realized sales last two rounds: 37.3 → 43.6 → consistent with ~44 units; forecast_bias = -0.8 applied to observed_demand=197 gives 197*(1−0.8)=39.4 → rounded to 44 for conservatism and alignment with actual fulfillment capacity. Quantity=45 ensures stock_coverage ≈ 1.02 (no shortage), avoids overproduction: holding/obsolescence costs were material last round ($5.52 + $3.45 on 80 units); cutting quantity to 45 slashes those costs by ~45% while keeping unit production cost low ($3.85). Expected revenue = 44 * $7.0 = $308. Expected prod_cost = 45 * $3.85 = $173.25. Expected profit ≈ $308 − $173.25 − ~$1.5 (scaled holding) − ~$0.9 (scaled obsolescence) ≈ $132.3 — strongly positive, first profitable round in a row. This is smart: stops losses, respects SLA, rebuilds reputation via reliability, and enforces disciplined monetization.","Reduced forecast from 195 → 44 (applying forecast_bias −0.8 correctly to observed_demand=197, then rounding up to match realized sales trend), cut quantity from 80 → 45 to eliminate inventory drag and align supply with actual fulfillable demand, and raised price to legal maximum $7.0 to maximize margin per sold unit — all actions directly reverse Round 1’s loss drivers: over-forecasting, over-production, and under-monetization."
7,2,SpotBroker,spot,forecast=194;price=5.60;quantity=80,194,198,197,181.2,24.134117409591216,0.0,-7.585040560200625,5.933333333333334,198.0,0.0,0.6328091520270075,5.6,80,80.0,-3.0606290175675905,0.3421626566086172,67.74820600850622,0.0,12.251793991493784,0.0,0.0,0.0,0.0,0.0,67.74820600850622,0.0,9.556399313365151,2.6953946781286326,379.3899536476348,339.2,1.1467679176038181,0.5929868291882991,0.0,0.011999999999999983,38.43819890084269,165.21725496570917,1.0,0.0,0,0,0.6621068640202555,0.8013609100506389,0.81015625,0.23203125000000002,0.8013609100506389,0.81015625,0.23203125000000002,"Avg cost = 3.60 + 0.008*80 = $4.24; min profitable price = $4.74. $5.7 ≥ $4.74, covers transfer cost (~$0.40/unit) and boosts margin. Expected profit ≈ (5.7−4.24)*74.3 ≈ $108.5 > last round's $61.5. Quantity capped at legal max 80 to avoid overstock risk while maximizing fill against forecast 195 and observed demand 197.",Raised price from $5.2 to $5.7 (+$0.5) to improve margin coverage of transfer costs and offset volatility; increased quantity to max allowed 80 (+10) to better meet high demand signal without violating inventory discipline.
7,3,Hyperscaler,hyperscaler,forecast=84;price=5.20;quantity=90,84,202,204,181.8,15.816042990667249,0.0,4.370153414813965,6.0,202.0,33.38504601953066,0.7147846363355049,5.2,90,123.38504601953066,-2.7322584363973936,0.4896799056438366,98.915340940055,0.0,24.46970507947566,0.0,0.0,0.0,0.0,0.0,98.915340940055,0.0,18.352278809606744,6.117426269868915,514.359772888286,391.5,1.8352278809606746,1.5293565674672287,0.0,0.0,119.49518843985808,15.320126471219595,1.0,0.0,0,0,0.7235884772516287,0.8892578125,0.8892578125,0.22658047150651447,0.8892578125,0.8892578125,0.22658047150651447,"Avg cost = 3.0 + 0.015*90 = $4.35; min profitable price = $4.85 → $5.3 satisfies. Expected sales ≈ realized demand trend (74→79→93), so forecast 85 is conservative. Revenue = 85*5.3 = $450.5; prod cost = 90*4.35 = $391.5; holding/obsolescence on leftover 5 units ≈ $2.5; expected profit ≈ $56.5 > 0. Avoids overstock (last round had 33.4 inventory) and raises price to cover risk.","Raised price from 5.2 to 5.3 to improve margin, increased quantity from 80 to 90 to better match rising realized demand (92.8 in R2), and cut forecast sharply from 79 to 85 to prevent overproduction—aligning with recent demand and reducing inventory risk."
7,3,PremiumCloud,premium,forecast=34;price=7.00;quantity=30,34,202,204,181.8,15.816042990667249,0.0,4.370153414813965,6.0,202.0,57.2209455061174,0.7797059610332977,7.0,30,87.2209455061174,-3.6643528467600426,0.19280079651903562,38.945760896845194,0.0,48.27518460927221,0.0,0.0,0.0,0.0,0.0,38.945760896845194,0.0,38.62014768741777,9.655036921854443,272.6203262779164,111.0,3.0896118149934217,1.9310073843708886,0.0,0.0,156.59970707855206,135.17934785414883,1.0,0.0,0,0,0.7722794707749734,0.93671875,0.93671875,0.27896163309989297,0.93671875,0.93671875,0.27896163309989297,"Avg cost = 3.40 + 0.010*40 = $3.80; min profitable price = $3.80 + $0.50 = $4.30. Price $7.0 is well above floor. Last round: quantity=40, realized sales=37.49 → near-full sell-through, no shortage, no leftover inventory. Profit was negative (-27.43) due to low volume & fixed holding/obsolescence costs. Raising price further is capped at $7.0 (legal max), so hold price and keep quantity stable to avoid underutilization or overstock. Forecast corrected downward (195→43→35) using forecast_bias=-0.8 to align with ~23% realization rate (37.49/163 ≈ 0.23). Expected profit: revenue=37.49*7.0≈262.43, prod_cost=152.0, holding+obsolescence≈7.44 → profit≈103.0 → positive.","Reduced forecast_demand from 43 to 35 to better match historical realization rate (~23% of prior forecasts); held price at $7.0 (legal max, reputation-safe) and quantity at 40 (optimal for current demand scale and cost structure)."
7,3,SpotBroker,spot,forecast=204;price=5.80;quantity=70,204,202,204,181.8,15.816042990667249,0.0,4.370153414813965,6.0,202.0,9.556399313365148,0.6621068640202555,5.8,70,79.55639931336515,-3.165471763175693,0.3175192978371277,64.1388981630998,0.0,15.417501150265352,0.0,0.0,0.0,0.0,0.0,64.1388981630998,0.0,12.025650897206974,3.3918502530583776,372.0056093459788,291.2,1.443078107664837,0.7462070556728431,0.0,0.006000000000000005,78.61032418264116,243.82757914835034,1.0,0.0,0,0,0.6840801480151917,0.8510206825379791,0.8576171875,0.17402343750000002,0.8510206825379791,0.8576171875,0.17402343750000002,"Avg cost = 3.60 + 0.008*70 = $4.16; min profitable price = $4.66. At $5.8, margin covers transfer/holding/obsolescence. Last round: 80 units → 12.25 leftover (stock_coverage=1.18), so reduce quantity to 70 to avoid holding/obsolescence costs. Expected profit ~$68: revenue 70*5.8=$406, prod cost $339.2, holding/obsolescence ~$1.7, no transfer cost. Higher price offsets lower qty and boosts margin.","Reduced quantity from 80 to 70 to eliminate overstock (last round had 12.25 units leftover) and raised price from 5.6 to 5.8 to improve gross margin and absorb fixed/variable overheads, aligning with profit-first discipline."
7,4,Hyperscaler,hyperscaler,forecast=204;price=5.40;quantity=110,204,193,194,182.4,1.267042531464278,0.0,9.22472258889395,6.066666666666666,193.0,18.35227880960673,0.7235884772516287,5.4,110,128.35227880960673,-2.8616938272980454,0.45415249075154257,87.65143071504771,0.0,40.70084809455902,0.0,0.0,0.0,0.0,0.0,87.65143071504771,0.0,30.525636070919266,10.175212023639755,473.31772586125766,511.5,3.0525636070919266,2.543803005909939,0.0,0.0040000000000000036,-43.782640751744204,-28.46251428052461,1.0,0.0,0,0,0.7301913579387216,0.916943359375,0.916943359375,0.16993535362988585,0.916943359375,0.916943359375,0.16993535362988585,Avg cost = 3.0 + 0.015*110 = $4.65; min profitable price = $4.65 + $0.50 = $5.15. $5.4 ≥ $5.15 → valid. Expected revenue = 110*5.4 = $594. Prod cost = 110*4.65 = $511.5. Holding/obsolescence low (recent trend). Profit ≈ $594 − $511.5 − ~$2 = $80.5 > 0. Demand surged to 194; 110 quantity avoids overstock while capturing most upside. Price up from 5.2 to capture inelastic demand and margin.,"Raised price from 5.2 to 5.4 to improve margin; increased quantity from 90 to 110 to better match realized demand surge (194), aligning with forecast_bias correction and quantity_bias application."
7,4,PremiumCloud,premium,forecast=202;price=7.00;quantity=100,202,193,194,182.4,1.267042531464278,0.0,9.22472258889395,6.066666666666666,193.0,38.620147687417784,0.7722794707749734,7.0,100,138.62014768741778,-3.6732646350700318,0.2017162922949075,38.931244412917145,0.0,99.68890327450063,0.0,0.0,0.0,0.0,0.0,38.931244412917145,0.0,79.75112261960051,19.937780654900127,272.51871089042004,440.0,6.380089809568041,3.9875561309800256,0.0,0.0,-177.84893505012803,-42.669587195979204,1.0,0.0,0,0,0.76670960308123,0.9525390625000001,0.9525390625000001,0.20922122482491973,0.9525390625000001,0.9525390625000001,0.20922122482491973,"Avg cost = 3.40 + 0.010*100 = $4.40; min profitable price = $4.90. At $7.0, profit/unit = 7.0 - 4.40 - holding/obsolescence (~$0.50) ≈ $2.10. Expected profit = (7.0 * min(100,194)) - (4.40 * 100) - holding/obsolescence ≈ $1260 - $440 - $10 ≈ $810 > 0. Quantity raised to match observed demand surge (194), avoiding shortage and SLA risk while maximizing revenue under legal cap.","Increased quantity from 30 to 100 to capture massive observed demand (194), aligned with fallback_action due to extreme demand deviation; held price at $7.0 (legal max) to ensure profitability and avoid underpricing given high market avg ($5.78) and volatility (7.18)."
7,4,SpotBroker,spot,forecast=181;price=5.80;quantity=60,181,193,194,182.4,1.267042531464278,0.0,9.22472258889395,6.066666666666666,193.0,12.025650897206972,0.6840801480151917,5.8,60,72.02565089720697,-3.1391038223817698,0.34413121695355,66.41732487203515,0.0,5.60832602517182,0.0,0.0,0.0,0.0,0.0,66.41732487203515,0.0,4.37449429963402,1.2338317255378004,385.2204842578039,244.8,0.5249393159560825,0.2714429796183161,0.0,0.0,139.62410196222947,383.4516811105798,1.0,0.0,0,0,0.7005601110113938,0.8882655119034844,0.8932128906250001,0.130517578125,0.8882655119034844,0.8932128906250001,0.130517578125,"Avg cost = 3.60 + 0.008*60 = $4.08; min profitable price = $4.58. At $5.7, margin is healthy. Expected sales ~64 (trailing avg realized), so 60 avoids overstock. Holding/obsolescence costs spiked in R2–R3 due to excess inventory; cutting quantity to 60 reduces risk. Expected profit ≈ (5.7−4.08)*60 − holding ≈ $97.2 − ~$0.5 = ~$96.7 > prior $38.4.",Reduced quantity from 70 to 60 to align with trailing realized demand (~64) and eliminate overstock; lowered price from 5.8 to 5.7 to test elasticity while staying well above cost floor and maintaining reputation.
7,5,Hyperscaler,hyperscaler,forecast=201;price=5.60;quantity=110,201,182,183,183.0,-7.797644698516018,0.0,6.914512607298582,6.2,182.0,30.525636070919262,0.7301913579387216,5.6,110,140.52563607091926,-2.9937703704735337,0.44047526072977644,80.16649745281931,0.0,60.35913861809995,0.0,0.0,0.0,0.0,0.0,80.16649745281931,0.0,45.26935396357496,15.089784654524987,448.9323857357881,511.5,4.526935396357496,3.7724461636312467,0.0,0.003999999999999986,-70.87099582420065,-99.33351010472526,1.0,0.0,0,0,0.7351435184540411,0.9377075195312501,0.9377075195312501,0.12745151522241438,0.9377075195312501,0.9377075195312501,0.12745151522241438,"Avg cost = 3.0 + 0.015*110 = $4.65; min profitable price = $4.65 + $0.50 = $5.15. $5.6 ≥ $5.15 → valid. Expected revenue = 110 * 5.6 = $616. Prod cost = $511.5. Holding/obsolescence ≈ $5.6 (from prior trend). Expected profit ≈ $616 − $511.5 − $5.6 = $98.9 > 0. Demand surged to 183; forecast_bias −1.0 applied to 202 → 182, close match. Quantity held at 110 (max legal) to capture inelastic demand without overstock — inventory is low (30.5), no shortage last round.",Raised price from 5.4 to 5.6 to capture margin upside amid strong demand and rising market avg price (5.84); kept quantity at 110 (cap) given low inventory and consistent under-forecasting — adjusted forecast up from 198 to 202 to better align with realized demand surge.
7,5,PremiumCloud,premium,forecast=205;price=7.00;quantity=40,205,182,183,183.0,-7.797644698516018,0.0,6.914512607298582,6.2,182.0,79.75112261960051,0.76670960308123,7.0,40,119.75112261960051,-3.679948476302523,0.2217778435661689,40.36356752904274,0.0,79.38755509055777,0.0,0.0,0.0,0.0,0.0,40.36356752904274,0.0,63.51004407244622,15.877511018111555,282.5449727032992,152.0,5.080803525795698,3.1755022036223113,0.0,0.0,122.28866697388119,79.61907977790199,1.0,0.0,0,0,0.7625322023109224,0.9644042968750001,0.9644042968750001,0.1569159186186898,0.9644042968750001,0.9644042968750001,0.1569159186186898,"Avg cost = 3.40 + 0.010*40 = $3.80; min profitable price = $3.80 + $0.50 = $4.30 → $7.0 is well above floor. Last round: quantity=100 → massive overproduction ($440 cost) vs only 38.9 sales → $156.6 profit relied on low holding/obsolescence but unsustainable. Cutting to 40 matches recent realized demand (~39) and avoids inventory loss. Expected profit = 38.9*7.0 − (3.40+0.010*40)*40 − holding/obsolescence ≈ $272 − $152 − ~$5 = $115+. Safe SLA, no shortage risk, reputation preserved.",Reduced quantity from 100 to 40 to eliminate overproduction losses; held price at $7.0 (max legal) since it’s highly profitable and demand is inelastic at current levels — prioritizing margin over volume after Round 4’s inventory blowout.
7,5,SpotBroker,spot,forecast=174;price=6.00;quantity=60,174,182,183,183.0,-7.797644698516018,0.0,6.914512607298582,6.2,182.0,4.374494299634023,0.7005601110113938,6.0,60,64.37449429963402,-3.259327866786327,0.3377468957040547,61.46993501813795,0.0,2.90455928149607,0.0,0.0,0.0,0.0,0.0,61.46993501813795,0.0,2.2655562395669344,0.6390030419291354,368.8196101088277,244.8,0.2718667487480321,0.1405806692244098,0.0,0.006000000000000005,123.60116269085525,507.052843801435,1.0,0.0,0,0,0.7129200832585454,0.9161991339276132,0.9199096679687501,0.09788818359375001,0.9161991339276132,0.9199096679687501,0.09788818359375001,"Avg cost = 3.60 + 0.008*65 = $4.12; min profitable price = $4.62. Price $5.9 > that, covers risk. Expected sales ~66 (trailing avg), so quantity 65 avoids overstock. Holding/obsolescence dropped last round when quantity fell to 60; 65 balances coverage and cost. Expected profit ≈ (5.9−4.12)*65 − small holding ≈ $115, up from $78.6.","Reduced quantity from 60 to 65 to slightly increase coverage after stable realized sales (~66), raised price from 5.8 to 5.9 to offset rising volatility (6.43) and maintain margin buffer, and lowered forecast from 181 to 175 to align with de-biased trend (forecast_bias = -1.2 applied)."
7,6,Hyperscaler,hyperscaler,forecast=83;price=5.20;quantity=80,83,171,175,183.6,-4.073969091654618,0.0,-8.55090700389924,6.133333333333333,171.0,45.26935396357496,0.7351435184540411,5.2,80,125.26935396357496,-2.70782777785515,0.5305894824689373,90.73080150218829,0.0,34.53855246138667,0.0,0.0,0.0,0.0,0.0,90.73080150218829,0.0,25.903914346040004,8.634638115346668,471.8001678113791,336.0,2.5903914346040007,2.158659528836667,0.0,0.00799999999999999,131.04311684793842,31.709606743213158,1.0,0.0,0,0,0.7388576388405309,0.9532806396484376,0.9532806396484376,0.09558863641681078,0.9532806396484376,0.9532806396484376,0.09558863641681078,"Avg cost = $3.00 + $0.015*80 = $4.20; min profitable price = $4.70. $5.20 ≥ $4.70 → valid. Expected profit = 80*(5.2−4.2) − holding/obsolescence ≈ $800 − ~$5 = $795 net (conservative vs prior overstock losses). Quantity cut from 110 to 80 aligns with 3-round realized avg (92.2) and recent drop (80.2), avoiding further inventory decay. Price lowered from 5.6 to restore demand elasticity.","Reduced quantity by 30 (110→80) to match realized demand trend and eliminate overstock; lowered price by $0.40 (5.6→5.2) to regain volume and margin, reversing Round 5’s loss-causing escalation."
7,6,PremiumCloud,premium,forecast=187;price=7.00;quantity=40,187,171,175,183.6,-4.073969091654618,0.0,-8.55090700389924,6.133333333333333,171.0,63.51004407244622,0.7625322023109224,7.0,40,103.51004407244622,-3.684961357226893,0.19970774846146971,34.15002498691132,0.0,69.3600190855349,0.0,0.0,0.0,0.0,0.0,34.15002498691132,0.0,55.48801526842792,13.87200381710698,239.05017490837923,152.0,4.439041221474234,2.7744007634213963,0.0,0.0,79.8367329234836,159.45581270138558,1.0,0.0,0,0,0.7593991517331918,0.97330322265625,0.97330322265625,0.11768693896401736,0.97330322265625,0.97330322265625,0.11768693896401736,"Avg cost = $3.40 + $0.010*40 = $3.80; min profitable price = $3.80 + $0.50 = $4.30 → $7.0 satisfies floor. Expected sales ≈40.4 (recent avg), so quantity=40 avoids overstock (R4/R5 losses stemmed from excess). At $7.0, revenue = 40.4*7.0 ≈ $282.8; prod cost = 40*$3.80 = $152.0; holding/obsolescence ~$8.3 → profit ≈ $122.5 > 0. Higher quantity risks repeat of R4 loss.",Reduced quantity from 40 to 40 (capped at recent realized demand) — no change needed as 40 already aligns with actual sales (~40.4); maintained price at $7.0 for SLA stability and reputation; forecast held at 188 (system-biased input) but ignored for quantity setting due to proven forecast unreliability.
7,6,SpotBroker,spot,forecast=171;price=6.20;quantity=60,171,171,175,183.6,-4.073969091654618,0.0,-8.55090700389924,6.133333333333333,171.0,2.2655562395669335,0.7129200832585454,6.2,60,62.26555623956693,-3.384495900089745,0.26970276906959295,46.119173510900396,0.0,16.146382728666538,0.0,0.0,0.0,0.0,0.0,46.119173510900396,0.0,12.5941785283599,3.5522042003066385,285.9388757675825,244.8,1.5113014234031878,0.7814849240674605,0.0,0.006000000000000005,38.84008942011182,545.8929332215469,1.0,0.0,0,0,0.7221900624439089,0.9371493504457099,0.9399322509765625,0.07341613769531251,0.9371493504457099,0.9399322509765625,0.07341613769531251,"Avg cost = $3.60 + $0.008 * 65 = $4.12. Minimum profitable price = $4.12 + $0.50 = $4.62 — well below $6.2, so margin is safe. Expected sales ≈ allocated demand (last 3 rounds: 64.1 → 66.4 → 61.5; observed market demand 175, but allocation is capped by reputation and price positioning). With delivery_rep = 0.916 and pricing_fairness_rep = 0.92, we’re highly trusted — likely to capture ~63–65 units at $6.2. Revenue = 65 * $6.2 = $403. Cost = 65 * $4.12 = $267.80. Gross profit = $135.20. Subtract modest holding/obsolescence (~$0.35 total, per trend), net ~$134.9 — up from last round’s $123.6, with zero shortage risk and no inventory overhang (own_inventory = 2.27, negligible). Raising price +$0.2 leverages strong fairness rep and zero shortage; quantity +5 from 60 to 65 tests mild uplift aligned with forecast correction (bias-adjusted forecast drops from 174→173, but raw forecast was 188 → we dial back to 173 to avoid overcommitment while capturing upside).",Raised price from $6.0 to $6.2 (+$0.2) to capitalize on high pricing_fairness_rep (0.92) and zero shortage history; increased quantity from 60 to 65 (+5) to cautiously exploit under-forecasting bias (−1.9) and strong delivery reliability — this balances revenue expansion with inventory lightness. Forecast trimmed from fallback 188 to 173 to reflect observed allocation ceiling (~61–66) and avoid overstocking.
7,7,Hyperscaler,hyperscaler,forecast=83;price=5.00;quantity=80,83,194,196,184.2,9.809933289465183,0.0,-0.3032142304916152,6.066666666666666,194.00000000000003,25.90391434604001,0.7388576388405309,5.0,80,105.90391434604001,-2.563370833391363,0.5651644886044804,109.6419107892692,3.7379964432291928,0.0,3.7379964432291928,0.0,27.47427385773457,0.0,0.0,109.6419107892692,0.0,0.0,0.0,548.209553946346,336.0,0.0,0.0,0.0,0.0040000000000000036,184.73128008861138,216.44088683182454,1.0,0.0,0,0,0.7416432291303982,0.9649604797363281,0.9649604797363281,0.07169147731260808,0.9649604797363281,0.9649604797363281,0.07169147731260808,Avg cost = $3.00 + $0.015*80 = $4.20; min profitable price = $4.70. $5.0 meets floor and covers risk. Expected profit = (5.0 - 4.20)*80 - holding/obsolescence ≈ $64 - ~$5 = ~$59 > 0. Quantity cut from 110→80 aligns with recent realized demand (avg last 3 rounds: ~86) and avoids overstock. Price lowered from 5.2 to restore demand elasticity after negative profit in R5–R6.,"Reduced quantity from 110 to 80 to match realized demand trend (~86), and cut price from 5.2 to 5.0 to improve volume capture and margin stability after three rounds of losses."
7,7,PremiumCloud,premium,forecast=195;price=7.00;quantity=40,195,194,196,184.2,9.809933289465183,0.0,-0.3032142304916152,6.066666666666666,194.00000000000003,55.488015268427915,0.7593991517331918,7.0,40,95.48801526842792,-3.6887210179201695,0.18341780436386607,35.583054046590014,0.0,59.9049612218379,0.0,3.7379964432291928,0.0,27.47427385773457,1.0,35.583054046590014,0.0,44.93357182288697,11.233392955721742,249.0813783261301,152.0,3.5946857458309576,2.2466785911443483,0.0,0.0,118.71428784688935,278.17010054827495,1.0,0.06239877911591961,0,0,0.760949287494639,0.9799774169921875,0.9799774169921875,0.10386489900199292,0.9799774169921875,0.9799774169921875,0.10386489900199292,"Avg cost at quantity=40 is $3.40 + $0.010*40 = $3.80. Minimum profitable price = $3.80 + $0.50 = $4.30; $7.0 satisfies this with wide margin. Observed demand was 196, but last three realized sales: 38.9 (R4), 40.4 (R5), 34.2 (R6) — average ~37.8. Holding 55.5 units inventory means we are still overstocked; selling only ~34–40 units/round while producing 40 creates persistent holding/obsolescence drag. Expected profit = (7.0 − 3.80) × 34.2 − holding_cost − obsolescence_cost ≈ $109.4 − $4.4 − $2.8 ≈ $102.2 > 0. Increasing quantity would raise avg cost and unsold inventory risk without evidence of higher absorption; cutting quantity further risks SLA breaches if demand spikes, but current stock_coverage = 40 / 34.2 ≈ 1.17 (safe), and inventory buffer (55.5) provides additional coverage. Price stability preserves pricing_fairness_rep (>0.97) and avoids triggering cooperation_rep penalties. This plan maximizes expected profit while depleting excess inventory and avoiding new losses.","Held price at $7.0 (no change) to maintain premium positioning and reputation; held quantity at 40 (same as R5–R6) to avoid reintroducing overproduction — despite high observed demand (196), realized sales remain stubbornly ~34–40, confirming forecast_bias is still distorting decisions. We are now relying on existing inventory (55.5 units) to absorb demand volatility rather than ramping production. This directly addresses the R4/R5 overproduction crisis and aligns with the strategy review’s top suggestion: 'cap order quantity closer to recent realized demand (~39–40 units)'."
7,7,SpotBroker,spot,forecast=174;price=6.20;quantity=60,174,194,196,184.2,9.809933289465183,0.0,-0.3032142304916152,6.066666666666666,194.00000000000003,12.594178528359905,0.7221900624439089,6.2,60,72.5941785283599,-3.373371925067309,0.2514177070316536,48.7750351641408,0.0,23.8191433642191,0.0,0.0,0.0,0.0,0.0,48.7750351641408,0.0,18.5789318240909,5.240211540128202,302.405218017673,244.8,2.229471818890908,1.1528465388282045,0.0,0.0,54.22289965995388,600.1158328815008,1.0,0.0,0,0,0.7291425468329317,0.9528620128342824,0.9549491882324219,0.05506210327148438,0.9528620128342824,0.9549491882324219,0.05506210327148438,"avg_cost = 3.60 + 0.008*65 = $4.12; min profitable price = $4.62. At $6.3, margin is strong. Expected sales ~46–66 (recent avg allocated: ~58), so 65 units avoids shortage risk and leverages rising reputation. Profit estimate: revenue 65*6.3 = 409.5, prod cost 65*4.12 = 267.8, holding/obsolescence low per trend → ~$120+ profit. Price up $0.1 from last round aligns with reputation gain and volatility spike.",Raised price by $0.1 (6.2→6.3) to capture volatility premium and reputation lift; increased quantity by 5 (60→65) to test mild uplift after three zero-shortage rounds and corrected forecast bias upward from -1.9.
7,8,Hyperscaler,hyperscaler,forecast=109;price=5.20;quantity=110,109,196,187,184.8,23.265094512552736,0.0,-11.975998266660184,6.133333333333333,196.0,0.0,0.7416432291303982,5.2,110,110.0,-2.700028125043522,0.5299336894150074,103.86700312534145,0.0,6.132996874658545,0.0,0.0,0.0,0.0,0.0,103.86700312534145,0.0,4.599747655993909,1.5332492186646363,540.1084162517756,511.5,0.4599747655993909,0.38331230466615906,0.0,0.0040000000000000036,27.761129181510015,244.20201601333457,1.0,0.0,0,0,0.7437324218477986,0.9737203598022461,0.9737203598022461,0.05376860798445606,0.9737203598022461,0.9737203598022461,0.05376860798445606,"Avg cost = 3.00 + 0.015*110 = $4.65; min profitable price = $4.65 + $0.50 = $5.15. Price $5.30 satisfies floor and exceeds it by $0.15. Expected revenue = 110 * 5.30 = $583.00; prod cost = 110 * 4.65 = $511.50; profit = $71.50 (before holding/obsolescence, which are zero at full sell-through). Quantity raised from 80 to 110 to match upward demand trend (109.6 → 187 observed) and eliminate transfer costs. Price lifted slightly to improve margin resilience without sacrificing volume.","Increased quantity from 80 to 110 to address chronic under-forecasting and shortage-driven transfer costs; raised price from 5.0 to 5.3 to restore margin buffer after three rounds of price cuts, while staying below market avg (6.09) and within legal max (6.0)."
7,8,PremiumCloud,premium,forecast=188;price=7.00;quantity=50,188,196,187,184.8,23.265094512552736,0.0,-11.975998266660184,6.133333333333333,196.0,44.93357182288696,0.760949287494639,7.0,50,94.93357182288696,-3.686860855006433,0.1975356658153997,38.71699049981834,0.0,56.216581323068624,0.0,0.0,0.0,0.0,0.0,38.71699049981834,0.0,44.9732650584549,11.243316264613725,271.01893349872836,195.0,3.597861204676392,2.248663252922745,0.0,0.0,70.17240904112923,348.3425095894042,1.0,0.0,0,0,0.7582119656209793,0.9849830627441407,0.9849830627441407,0.07789867425149469,0.9849830627441407,0.9849830627441407,0.07789867425149469,"Avg cost at quantity=36 is $3.40 + $0.010*36 = $3.76. Minimum profitable price = $3.76 + $0.50 = $4.26 — well below $7.0, so pricing is safe. Last round: quantity=40, realized sales=35.58 → surplus of ~4.4 units, driving holding/obsolescence costs (R7: $3.59 + $2.25). Reducing quantity to 36 aligns with recent realized sales (34.2–35.6) and eliminates surplus while maintaining SLA (stock_coverage = 36/35.6 ≈ 1.01 > 1.0). Expected revenue = 35.6 * $7.0 = $249.2; expected production cost = 36 * $3.76 = $135.36; holding/obsolescence costs drop ~30% vs R7 due to tighter inventory. Expected profit ≈ $249.2 − $135.36 − ~$2.5 holding − ~$1.6 obsolescence ≈ $109.7 — up from R7’s $79.8 and sustainable. Reputation dimensions are strong on delivery (0.98) and pricing fairness (0.98); cooperation_rep is low (0.10), but raising it requires cooperative acts — not at expense of profit. No shortage risk, no legal or economic floor violation.","Reduced quantity from 40 to 36 to eliminate persistent surplus and reduce holding/obsolescence drag, consistent with realized sales trending 34–36 units. Kept price at $7.0 (price_bias = 0.00 unchanged) — still well above cost floor and market average ($6.09), and maintains premium positioning. Forecast remains at 189 (aligned with observed demand of 187 and smoothing bias of -0.7 applied automatically), continuing correction of prior under-forecasting."
7,8,SpotBroker,spot,forecast=187;price=6.20;quantity=50,187,196,187,184.8,23.265094512552736,0.0,-11.975998266660184,6.133333333333333,196.0,18.5789318240909,0.7291425468329317,6.2,50,68.5789318240909,-3.365028943800482,0.27253064476959293,53.416006374840215,0.0,15.162925449250686,0.0,0.0,0.0,0.0,0.0,53.416006374840215,0.0,11.827081850415535,3.335843598835151,331.17923952400935,200.0,1.4192498220498642,0.7338855917437332,0.0,0.0,129.02610411021575,729.1419369917165,1.0,0.0,0,0,0.7343569101246988,0.9646465096257117,0.9662118911743165,0.04129657745361329,0.9646465096257117,0.9662118911743165,0.04129657745361329,"Avg cost at qty=50 is $3.60 + $0.008*50 = $4.00. Minimum profitable price = $4.00 + $0.50 = $4.50 — well below $6.3, so margin is safe. Expected revenue = 50 * $6.3 = $315. Expected production cost = 50 * $4.00 = $200. Holding/obsolescence costs are now dominant (tripled since R5); reducing quantity from 60 → 50 cuts holding cost ~33% and obsolescence risk sharply. Realized demand has averaged only ~48.8 over last 3 rounds — 50 units aligns tightly with recent sales, minimizing surplus while preserving SLA (no shortage in R6–R7). Forecast of 189 reflects observed demand trend (183→175→196 → avg 184.7) plus volatility bump (+10.2), but we deliberately cap quantity at 50 to avoid inventory decay. Expected profit ≈ $315 − $200 − ~$1.8 holding − ~$0.9 obsolescence ≈ $112.3 — up sharply from R7’s $38.8. Reputation remains strong (delivery=0.95, pricing fairness=0.95), so $6.3 is defensible and avoids dumping signals.","Reduced quantity from 60 to 50 to match realized demand trend (~48.8) and halt inventory decay; raised price from $6.2 to $6.3 to reinforce margin discipline and offset rising holding/obsolescence drag. Forecast trimmed slightly from 191 (fallback) to 189 — still above observed demand (187) but less aggressive than prior over-forecasts (e.g., R7’s 174 vs. 48.8 sold), acknowledging systemic over-optimism."
7,9,Hyperscaler,hyperscaler,forecast=192;price=5.40;quantity=120,192,200,198,185.4,25.721284691251743,0.0,-11.616506633645592,6.2,200.00000000000003,4.599747655993909,0.7437324218477986,5.4,120,124.59974765599391,-2.8375210937826414,0.4950318286641903,99.00636573283806,0.0,25.593381923155846,0.0,0.0,0.0,0.0,0.0,99.00636573283806,0.0,19.195036442366884,6.3983454807889615,534.6343749573256,576.0,1.9195036442366886,1.5995863701972404,0.0,0.0040000000000000036,-44.88871505710835,199.31330095622621,1.0,0.0,0,0,0.745299316385849,0.9802902698516847,0.9802902698516847,0.040326455988342044,0.9802902698516847,0.9802902698516847,0.040326455988342044,"avg_cost = 3.00 + 0.015*115 = $4.725; min profitable price = $4.725 + $0.50 = $5.225 → $5.4 satisfies floor and exceeds market avg ($6.12 is irrelevant — our legal max is $6.0, but $5.4 balances margin & demand capture. Expected profit = (5.4 - 4.725)*115 - holding/obsolescence ≈ $77.63 net after costs. Quantity up from 110 to 115 aligns with rising realized demand (103.9→198 observed) and avoids shortage-driven transfer costs. Price up from 5.2 to 5.4 recovers margin erosion while staying competitive.",Raised price from 5.2 to 5.4 to improve margin resilience amid surging demand; increased quantity from 110 to 115 to better match observed demand (198) and reduce shortage risk; forecast raised from 109 to 195 to correct persistent under-forecasting bias.
7,9,PremiumCloud,premium,forecast=186;price=7.00;quantity=60,186,200,198,185.4,25.721284691251743,0.0,-11.616506633645592,6.2,200.00000000000003,44.9732650584549,0.7582119656209793,7.0,60,104.9732650584549,-3.6901456412548246,0.21102941120534427,42.205882241068856,0.0,62.76738281738604,0.0,0.0,0.0,0.0,0.0,42.205882241068856,0.0,50.21390625390884,12.55347656347721,295.441175687482,240.0,4.017112500312707,2.510695312695442,0.0,0.0,48.91336787447383,397.255877463878,1.0,0.0,0,0,0.7561589742157344,0.9887372970581055,0.9887372970581055,0.058424005688621015,0.9887372970581055,0.9887372970581055,0.058424005688621015,"Avg cost = 3.40 + 0.010*46 = $3.86; min profitable price = $4.36, so $7.0 is safe. Last round: quantity=50 → inventory rose to 44.97, indicating overproduction. Realized sales R7–R8: 35.6–38.7; demand surge to 198 is outlier — likely not sustainable. Holding/obsolescence costs rising with excess stock. Cutting quantity from 50 to 46 reduces waste while keeping buffer; $7.0 maintains SLA reputation and avoids race-to-bottom. Expected profit ≈ (38.7 * 7.0) − (46 * 3.86) − holding ≈ $112+ (conservative, positive).",Reduced quantity_bias from +6.0 to +2.0 (net quantity 46 vs prior 50) to align with realized sales trend (~37 units avg) and shrink excess inventory; held price_bias at 0.0 to preserve premium positioning and avoid SLA risk; kept forecast_bias at -0.7 as observed demand spike appears anomalous and not forecastable.
7,9,SpotBroker,spot,forecast=183;price=6.20;quantity=50,183,200,198,185.4,25.721284691251743,0.0,-11.616506633645592,6.2,200.00000000000003,11.827081850415539,0.7343569101246988,6.2,50,61.82708185041554,-3.3587717078503614,0.29393876013046555,58.78775202609311,0.0,3.0393298243224294,0.0,0.0,0.0,0.0,0.0,58.78775202609311,0.0,2.370677262971495,0.6686525613509344,364.4840625617773,200.0,0.2844812715565794,0.14710356349720558,0.0,0.0,164.0524777267235,893.19441471844,1.0,0.0,0,0,0.7382676825935242,0.9734848822192839,0.9746589183807374,0.030972433090209965,0.9734848822192839,0.9746589183807374,0.030972433090209965,"Avg cost = $3.60 + $0.008*50 = $4.00; min profitable price = $4.00 + $0.50 = $4.50 → $6.3 is safe. Expected sales ~53.4 (last round), inventory 11.8 → no shortage risk. Holding/obsolescence costs rising; cutting quantity from 50 would hurt SLA, so hold at 50. Price up $0.1 to offset decay costs and align with market avg ($6.12) and volatility (7.6). Expected profit > $54 (round 8) due to higher margin.",Raised price from $6.2 to $6.3 to improve margin amid rising holding/obsolescence costs; kept quantity at 50 to maintain SLA (stock coverage ~0.94 last round) and avoid under-supply; lowered forecast from 187 to 185 to reduce over-forecast bias.
7,10,Hyperscaler,hyperscaler,forecast=192;price=5.00;quantity=100,192,198,198,186.0,14.605762958259467,0.0,-3.0893060423134315,6.066666666666666,198.0,19.195036442366884,0.745299316385849,5.0,100,119.19503644236688,-2.555640820336981,0.5647096766526543,111.81251597722554,0.0,7.38252046514134,0.0,0.0,0.0,0.0,0.0,111.81251597722554,0.0,5.536890348856005,1.845630116285335,559.0625798861278,450.0,0.5536890348856005,0.46140752907133376,0.0,0.008000000000000007,108.03948332217084,307.35278427839705,1.0,0.0,0,0,0.7464744872893868,0.9852177023887635,0.9852177023887635,0.030244841991256533,0.9852177023887635,0.9852177023887635,0.030244841991256533,"Avg cost at qty=100 is $3.00 + $0.015*100 = $4.50. Minimum profitable price = $4.50 + $0.50 = $5.00. Price of $5.30 satisfies this and sits just below legal max ($6.00), avoids demand elasticity shock (R9’s $5.40 suppressed realized demand to 99; observed demand surged to 198 — suggesting strong underlying demand, but our over-forecast and high price likely caused self-inflicted softness). Expected sales = min(quantity, observed_demand) = min(100, 198) = 100 units (no shortage, no excess). Revenue = 100 * $5.30 = $530. Production cost = 100 * $4.50 = $450. Holding/obsolescence costs ≈ $0 (inventory drops from 19.2 → ~0, no overproduction). Expected profit = $530 − $450 = $80. This is >0, avoids R9’s $−44.9 loss, clears legacy inventory, and restores unit economics (unit_profit ≈ $0.80 vs R9’s $0.28). Forecast trimmed from R9’s catastrophic 192 → 195 (still conservative given observed 198, but accounts for forecast_bias −3.4 → 195 ≈ 198 − 3.4).",Reduced quantity sharply from 120 → 100 to eliminate overproduction risk and clear inventory; held price at $5.30 (down $0.10 from R9’s $5.40) to improve demand capture while staying above profitability floor; forecast revised downward to 195 to better align with recent surge in observed demand (198) and correct structural over-forecasting — prioritizing margin recovery and inventory efficiency over scale expansion.
7,10,PremiumCloud,premium,forecast=194;price=7.00;quantity=60,194,198,198,186.0,14.605762958259467,0.0,-3.0893060423134315,6.066666666666666,198.0,50.213906253908846,0.7561589742157344,7.0,60,110.21390625390885,-3.6926092309411183,0.18115324705305907,35.868342916505696,0.0,74.34556333740315,0.0,0.0,0.0,0.0,0.0,35.868342916505696,0.0,59.47645066992252,14.86911266748063,251.07840041553987,240.0,4.758116053593802,2.973822533496126,0.0,0.0,3.346461828449947,400.60233929232794,1.0,0.0,0,0,0.7546192306618008,0.9915529727935791,0.9915529727935791,0.04381800426646576,0.9915529727935791,0.9915529727935791,0.04381800426646576,"Avg cost = 3.40 + 0.010*50 = $3.90; min profitable price = $4.40 (legal floor) and $4.40 ≥ $3.90+0.50 → $7.0 satisfies all floors. Expected sales ~42.2 (trend), so quantity=50 avoids overstock (vs. 60 in R9 which caused obsolescence/holding cost surge). Revenue = 42.2*7.0 = 295.4; prod cost = 195.0; holding+obsolescence ~$6.5 → profit ≈ 93.9, up from R9's 70.2.",Reduced quantity from 60 to 50 to curb inventory decay and align with demand trend; held price at 7.0 as it remains optimal and reputation-stable.
7,10,SpotBroker,spot,forecast=196;price=6.20;quantity=60,196,198,198,186.0,14.605762958259467,0.0,-3.0893060423134315,6.066666666666666,198.0,2.3706772629714976,0.7382676825935242,6.2,60,62.3706772629715,-3.354078780887771,0.2541370762942866,50.31914110626875,0.0,12.051536156702745,0.0,0.0,0.0,0.0,0.0,50.31914110626875,0.0,9.400198202228141,2.651337954474604,311.97867485886627,244.8,1.1280237842673768,0.5832943499844129,0.0,0.0,65.46735672461448,958.6617714430545,1.0,0.0,0,0,0.7412007619451431,0.9801136616644629,0.980994188785553,0.023229324817657472,0.9801136616644629,0.980994188785553,0.023229324817657472,"Avg cost = $3.60 + $0.008 * 55 = $4.04. Minimum profitable price = $4.04 + $0.50 = $4.54 — well below $6.2, so pricing is safe. Last round: quantity=50, realized sales=58.8 → stock coverage=0.85 (shortage risk emerging). Holding cost dropped sharply (R8→R9: 1.42→0.28), confirming tighter inventory fit. Raising quantity to 55 tests responsiveness without overcommitting: at $6.2, revenue = 55 * 6.2 = $341; prod cost = 55 * 4.04 = $222.20; gross margin ~35%. Expected profit > $110 (conservatively), up from $129 last round but with higher upside capture — and no shortage penalty. Reputation remains strong (delivery=0.97, pricing fairness=0.97), so no need to adjust price. Forecast_bias=-2.7 already applied; raw forecast of 199 aligns with observed demand (198) and recent trend (196→187→198), so 199 is credible.","Increased quantity from 50 to 55 to match upward trend in realized demand (+5 units/round avg over R7–R9) and correct prior understocking (stock coverage fell to 0.85 in R9). Kept price flat at $6.2 — reputation and profit both rising, no price sensitivity signal. Forecast unchanged at 199 (aligned with observed 198 and smoothed history), relying on system-applied forecast_bias=-2.7."
7,11,Hyperscaler,hyperscaler,forecast=182;price=5.00;quantity=100,182,186,183,186.6,-2.6877897700276288,0.0,2.25663656990527,6.066666666666666,186.0,5.536890348856005,0.7464744872893868,5.0,100,105.536890348856,-2.554230615252736,0.5647393553171841,105.04152008899625,0.0,0.49537025985975447,0.0,0.0,0.0,0.0,0.0,105.04152008899625,0.0,0.37152769489481585,0.12384256496493862,525.2076004449813,450.0,0.03715276948948159,0.030960641241234654,0.0,0.0,75.13948703425055,382.49227131264763,1.0,0.0,0,0,0.74735586546704,0.9889132767915726,0.9889132767915726,0.0226836314934424,0.9889132767915726,0.9889132767915726,0.0226836314934424,"Avg cost = 3.0 + 0.015*100 = $4.50; min profitable price = $5.00. Price $5.20 > floor, covers risk. Expected sales ~183 (observed), so 100 units clear fully → no holding/obsolescence. Revenue = 100*5.2 = $520; prod cost = $450; profit = $70 (before minor costs). Safer than overproducing: R9–R10 losses came from excess inventory.",Cut quantity from 100→100 (no change) but lowered price from 5.0→5.2 to align with profitability floor and recent demand strength (183 observed); forecast trimmed from 192→185 to reduce over-forecast bias.
7,11,PremiumCloud,premium,forecast=194;price=7.00;quantity=60,194,186,183,186.6,-2.6877897700276288,0.0,2.25663656990527,6.066666666666666,186.0,59.476450669922514,0.7546192306618008,7.0,60,119.47645066992251,-3.6944569232058386,0.18057351835097796,33.5866744132819,0.0,85.88977625664062,0.0,0.0,0.0,0.0,0.0,33.5866744132819,0.0,68.7118210053125,17.177955251328125,235.10672089297327,240.0,5.496945680425,3.435591050265625,0.0,0.0,-13.825815837717354,386.7765234546106,1.0,0.0,0,0,0.7534644229963506,0.9936647295951844,0.9936647295951844,0.03286350319984932,0.9936647295951844,0.9936647295951844,0.03286350319984932,"Avg cost = 3.40 + 0.010*50 = $3.90; min profitable price = $3.90 + $0.50 = $4.40 → $7.0 is valid. Expected sales ~36–42 units (last 3 rounds: 42.2, 35.9, 35.9); quantity 50 avoids overproduction (R10 had 24.1 units unsold → holding/obsolescence up). Revenue: 35.9*7.0 ≈ 251.3; prod cost = 240.0; profit ≈ 251.3 − 240 − ~4.5 − ~2.8 ≈ $5.0 — but with tighter inventory, obsolescence drops, lifting net profit vs R10’s $48.9. Cutting quantity from 60→50 directly reduces cost drag.","Reduced quantity from 60 to 50 to halt inventory buildup and curb rising holding/obsolescence costs; held price at $7.0 — still well above floor and market avg ($6.12), with no elasticity signal."
7,11,SpotBroker,spot,forecast=193;price=6.20;quantity=60,193,186,183,186.6,-2.6877897700276288,0.0,2.25663656990527,6.066666666666666,186.0,9.40019820222814,0.7412007619451431,6.2,60,69.40019820222814,-3.3505590856658283,0.254687126331838,47.371805497721866,0.0,22.028392704506274,0.0,0.0,0.0,0.0,0.0,47.371805497721866,0.0,17.182146309514895,4.84624639499138,293.7051940858756,244.8,2.061857557141787,1.0661742068981035,0.0,0.0,45.777162321835675,1004.4389337648902,1.0,0.0,0,0,0.7434005714588573,0.9850852462483471,0.9857456415891648,0.017421993613243106,0.9850852462483471,0.9857456415891648,0.017421993613243106,"Avg cost = 3.60 + 0.008*55 = $4.04; min profitable price = $4.54 → $6.2 is safe. Last round: quantity=60, realized sales=50.3 → 9.7 leftover → reduce quantity. Holding/obsolescence costs low but rose slightly in R10 vs R9, so 55 balances coverage and waste. Expected profit ≈ (6.2−4.04)*50.3 − small holding ≈ $108 > 0.","Reduced quantity from 60 to 55 to cut leftover inventory (9.7 units in R10); held price at $6.2 — stable, reputation-positive, and still well above cost floor + $0.50 buffer."
7,12,Hyperscaler,hyperscaler,forecast=101;price=4.80;quantity=100,101,176,178,187.2,-14.324184120126024,0.0,3.1764085009335394,6.0,176.0,0.37152769489480875,0.74735586546704,4.8,100,100.37152769489481,-2.413172961439552,0.5988090423144106,105.39039144733626,5.0188637524414474,0.0,5.0188637524414474,0.0,36.88864858044464,0.0,0.0,105.39039144733626,0.0,0.0,0.0,505.873878947214,450.0,0.0,0.0,0.0,0.0040000000000000036,18.98123036676937,401.473501679417,1.0,0.0,0,0,0.7480168991002801,0.9916849575936795,0.9916849575936795,0.0170127236200818,0.9916849575936795,0.9916849575936795,0.0170127236200818,"Avg cost = $3.00 + $0.015*105 = $4.575; min profitable price = $4.575 + $0.50 = $5.075 → but legal max is $6.0 and market avg is $6.11, so $5.0 is below floor — wait: legal min is $4.0, but profit rule requires >= avg cost + $0.50 → $4.575 + $0.50 = $5.075. So $5.0 violates rule. Must raise to $5.2 (next legal step ≥ $5.075). At qty=105: avg cost=$4.575, price=$5.2 → unit margin=$0.625, revenue=$546, prod cost=$480.375, profit≈$65.6. Matches recent realized demand (105–112), avoids overstock, sustains reputation.","Raised price from $5.0 to $5.2 to comply with profit rule (avg cost + $0.50), and matched quantity to 3-round avg realized demand (~105) to eliminate overstock risk while maintaining SLA and reputation."
7,12,PremiumCloud,premium,forecast=33;price=7.00;quantity=40,33,176,178,187.2,-14.324184120126024,0.0,3.1764085009335394,6.0,176.0,68.7118210053125,0.7534644229963506,7.0,40,108.7118210053125,-3.695842692404379,0.1660473555700868,29.224334580335274,0.0,79.48748642497722,0.0,5.0188637524414474,0.0,36.88864858044464,1.0,29.224334580335274,0.0,59.57489813802863,14.893724534507157,204.57034206234692,152.0,4.7659918510422905,2.9787449069014316,0.0,0.0,81.71425388484784,468.4907773394584,1.0,0.06314030016760447,0,0,0.7565445860077383,0.9952485471963883,0.9952485471963883,0.04043270244178811,0.9952485471963883,0.9952485471963883,0.04043270244178811,"Avg cost = 3.40 + 0.010*30 = $3.70; min profitable price = $4.20, so $7.0 is safe. Expected sales ≈ recent avg realized (33.6–35.9) → 30 units will sell fully. Prod cost = $111, revenue = $210, profit ≈ $99 (vs. $3.34 loss last round). Cuts holding/obsolescence costs and eliminates inventory bleed.",Slashed quantity from 60 to 30 to match actual demand; kept price at $7.0 (max legal) to maximize margin per unit since demand is inelastic at this level and no shortage occurred — avoids repeating overproduction disaster.
7,12,SpotBroker,spot,forecast=178;price=6.20;quantity=50,178,176,178,187.2,-14.324184120126024,0.0,3.1764085009335394,6.0,176.0,17.18214630951489,0.7434005714588573,6.2,50,67.18214630951489,-3.347919314249371,0.2351436021155027,41.38527397232848,0.0,25.796872337186414,0.0,0.0,0.0,0.0,0.0,41.38527397232848,0.0,20.121560423005405,5.6753119141810116,256.5886986284366,200.0,2.4145872507606487,1.2485686211198226,0.0,0.0,52.92554275655612,1057.3644765214462,1.0,0.0,0,0,0.7450504285941429,0.9888139346862603,0.9893092311918736,0.01306649520993233,0.9888139346862603,0.9893092311918736,0.01306649520993233,"Avg cost at qty=50 is $3.60 + $0.008*50 = $4.00/unit. Minimum profitable price = $4.00 + $0.50 = $4.50. $5.90 is well above floor and covers SLA/holding/obsolescence risks. Observed demand dropped to 178 (down from 198→183→178), confirming structural decay. Last round: Q=60, realized sales=47.4 → surplus of 12.6 units; holding/obsolescence costs doubled again — unsustainable. Reducing quantity to 50 cuts prod_cost to $200.00 (vs $244.80), holding/obsolescence ~halved. At $5.90 price and expected ~47–49 realized sales (aligned with recent trend), revenue ≈ $277–$288, cost ≈ $200 + $1.0 + $0.5 = $201.5 → expected profit ≈ $75–$86, up sharply from $45.8 in R11. Also avoids further reputation erosion from overstock (delivery_rep stays high) and signals pricing discipline (pricing_fairness_rep stable). $5.90 is below market avg ($6.11) but above our $4.50 minimum — not dumping, just responsive recalibration.",Reduced price from $6.2 to $5.9 to stimulate demand capture amid falling allocated demand; cut quantity from 60 to 50 to match observed demand decay and slash holding/obsolescence costs. This reverses the over-provisioning trend that eroded profit across R10–R11 while preserving delivery reliability and pricing fairness.
7,13,Hyperscaler,hyperscaler,forecast=101;price=4.80;quantity=100,101,172,181,187.8,-12.886974542847518,0.0,-3.1985776073049035,5.933333333333334,172.0,0.0,0.7480168991002801,4.8,100,100.0,-2.4123797210796636,0.5779230260680251,99.40276048370032,0.0,0.5972395162996804,0.0,0.0,0.0,0.0,0.0,99.40276048370032,0.0,0.4479296372247603,0.1493098790749201,477.1332503217615,450.0,0.044792963722476035,0.037327469768730026,0.0,0.0,27.051129888270317,428.5246315676873,1.0,0.0,0,0,0.7485126743252101,0.9937637181952597,0.9937637181952597,0.012759542715061349,0.9937637181952597,0.9937637181952597,0.012759542715061349,"Avg cost = $3.00 + $0.015 * 105 = $4.575. Minimum profitable price = $4.575 + $0.50 = $5.075 — but legal max is $6.0 and current market avg is $6.09, yet our price history shows $5.0 sustained profitability in Rounds 11–12. At price $5.0 and quantity 105: revenue = $5.0 * 105 = $525; prod cost = $4.575 * 105 = $480.375; holding/obsolescence near zero (inventory=0, shortage=0); expected profit ≈ $525 − $480.375 = $44.625 (before minor transfer/SLA costs). This avoids overstock (last round’s quantity=100 sold 105.4 → slight under-coverage, but inventory=0 confirms no carryover), aligns with 3-round realized-sales rolling avg (~105), and preserves pricing fairness rep (no dumping) while staying above economic floor. Raising price to $5.2 would exceed legal step ($0.2 increments) and risk demand drop without evidence of elasticity ceiling; holding $5.0 is optimal given stable reputation and peer price dispersion.","Reduced forecast from 101 (R12) to 105 to better match recent realized sales (105.0, 105.4); increased quantity from 100 to 105 to fully cover demand without surplus (eliminating stock_coverage <1 risk seen in R12 where 100 units met 105.4 demand via transfers); held price at $5.0 — consistent with profitable R11 execution and avoids margin compression from R12’s $4.8 cut which reduced unit profit from $1.03 to $0.71."
7,13,PremiumCloud,premium,forecast=35;price=7.00;quantity=40,35,172,181,187.8,-12.886974542847518,0.0,-3.1985776073049035,5.933333333333334,172.0,59.57489813802863,0.7565445860077383,7.0,40,99.57489813802863,-3.6921464967907136,0.16072163785663068,27.64412171134048,0.0,71.93077642668815,0.0,0.0,0.0,0.0,0.0,27.64412171134048,0.0,57.544621141350525,14.386155285337631,193.50885197938334,152.0,4.603569691308042,2.8772310570675264,0.0,0.0,34.02805123100777,502.5188285704662,1.0,0.0,0,0,0.7549084395058037,0.9964364103972913,0.9964364103972913,0.03032452683134108,0.9964364103972913,0.9964364103972913,0.03032452683134108,"Avg cost = 3.40 + 0.010*30 = $3.70; min profitable price = $4.20, so $7.0 is safe. Expected sales ≈ recent avg realized (35.9→33.6→29.2 → ~33); setting quantity=30 avoids surplus. Revenue = 30*7.0 = $210; prod cost = 30*3.70 = $111; profit ≈ $99 (minus small holding/obsolescence). Last round’s loss (-$13.8) came from overproduction (qty=40 vs sales=29.2); cutting to 30 eliminates inventory drag.",Reduced quantity from 40 to 30 to match realized demand trend and stop losses; held price at $7.0 (max legal) to maximize margin since demand is inelastic at current level and no shortage exists.
7,13,SpotBroker,spot,forecast=180;price=6.00;quantity=40,180,172,181,187.8,-12.886974542847518,0.0,-3.1985776073049035,5.933333333333334,172.0,20.121560423005405,0.7450504285941429,6.0,40,60.121560423005405,-3.205939485687028,0.26135533607534417,44.9531178049592,0.0,15.168442618046207,0.0,0.0,0.0,0.0,0.0,44.9531178049592,0.0,11.831385242076042,3.3370573759701654,269.7187068297552,156.8,1.419766229049125,0.7341526227134364,0.0,0.006000000000000005,110.75878797799263,1168.1232644994388,1.0,0.0,0,0,0.7462878214456072,0.9916104510146952,0.9919819233939052,0.009799871407449246,0.9916104510146952,0.9919819233939052,0.009799871407449246,"Avg cost at qty=40 is $3.92. Minimum profitable price = $3.92 + $0.50 = $4.42. $5.9 > $4.42 → compliant. Holding/obsolescence costs are falling (R12: $2.41 + $1.25 = $3.66; R11: $2.06 + $1.07 = $3.13), but quantity=50 in R12 still yielded only 41.4 realized sales → 17% surplus. Cutting to 40 aligns with observed demand decay trend (allocated demand: 50.3 → 47.4 → 41.4) and reduces holding/obsolescence drag. At $5.9 × 41.4 ≈ $244.3 revenue (using R12’s realized-sales ratio as proxy), minus prod_cost $200.0, holding+obsolescence ~$3.0, profit ≈ $41.3 — up from R12’s $45.8 *only if* demand capture improves. But crucially: $5.9 is below market avg ($6.09) and above our economic floor, stimulating demand capture without dumping (pricing_fairness_rep stays high). Forecast_bias is -1.9, so raw forecast input is 182 → system applies -1.9 → 180.1, matching recent observed demand (181). Expected profit is positive and robust to modest slippage.",Reduced quantity from 50 to 40 to match declining realized allocation trend and cut holding/obsolescence costs; lowered price from $6.2 to $5.9 to stimulate demand capture amid weakening sales volume — this corrects the over-pricing signal while staying well above cost and preserving pricing fairness reputation.
7,14,Hyperscaler,hyperscaler,forecast=171;price=5.00;quantity=110,171,190,196,188.4,-0.9043675636014175,0.0,2.4569055677849825,6.066666666666666,189.99999999999997,0.4479296372247603,0.7485126743252101,5.0,110,110.44792963722476,-2.551784790809748,0.5644261375361359,107.24096613186582,0.0,3.2069635053589423,0.0,0.0,0.0,0.0,0.0,107.24096613186582,0.0,2.4052226290192067,0.8017408763397356,536.2048306593291,511.5,0.2405222629019207,0.2004352190849339,0.0,0.0040000000000000036,24.25987317734225,452.78450474502955,1.0,0.0,0,0,0.7488845057439076,0.9953227886464447,0.9953227886464447,0.009569657036296012,0.9953227886464447,0.9953227886464447,0.009569657036296012,Avg cost = $3.00 + $0.015*100 = $4.50; min profitable price = $4.50 + $0.50 = $5.00. $5.20 satisfies floor and exceeds market avg ($6.05) less than $0.85 — competitive but profitable. Expected revenue = 99.4 * $5.2 ≈ $516.9; prod cost = $450; profit ≈ $66.9 (vs $19 last round). Holding/obsolescence costs vanish if quantity matches recent realized demand (~99–105). Keeping quantity at 100 avoids overstock while maintaining SLA.,"Raised price from $4.8 to $5.2 to restore margin after profit collapse; held quantity at 100 (no leftover inventory in R13 was 0.45 units, negligible), avoided reduction that could risk shortage given observed demand surge to 196 — but we only serve allocated demand, not observed, so capacity cap remains prudent."
7,14,PremiumCloud,premium,forecast=191;price=7.00;quantity=60,191,190,196,188.4,-0.9043675636014175,0.0,2.4569055677849825,6.066666666666666,189.99999999999997,57.54462114135052,0.7549084395058037,7.0,60,117.54462114135052,-3.6941098725930352,0.1800949924334511,34.218048562355705,0.0,83.32657257899481,0.0,6.709600063702418,0.0,49.31556046821277,1.0,34.218048562355705,0.0,61.293578012233915,15.323394503058479,239.52633993648993,240.0,4.903486240978713,3.064678900611696,0.0,0.0,40.87373526311229,543.3925638335785,1.0,0.08052173341633148,0,0,0.7587139379678735,0.9973273077979684,0.9973273077979684,0.04287382847758868,0.9973273077979684,0.9973273077979684,0.04287382847758868,"Avg cost at quantity=50 is $3.40 + $0.010*50 = $3.90. Minimum allowable price is avg_cost + $0.50 = $4.40; $7.0 satisfies this with healthy gross margin (~$3.10/unit). Observed demand surged to 196 (up from 181–183), and recent forecast bias is -2.9 — so raw forecast = 196 + 2.9 ≈ 198.9 → rounded to 194 per smoothing discipline (signal_smoother) and alignment with R11’s outlier correction. Quantity reduced from 100 (fallback) to 50: avoids overproduction drag seen in R11 (194 forecast → 33.6 sales), while still covering observed demand (196) with minimal surplus (stock_coverage ≈ 50/196 ≈ 0.255 → but note: allocated_demand ≠ realized_demand; our allocator is buffered, and SLA guard prevents shortage — actual allocated_demand will be capped by inventory + transfer logic; we hold 57.5 units, so 50 quantity is conservative and ensures no holding/obsolescence spike. Expected profit = (7.0 × min(50,196)) − [50×3.90] − holding/obsolescence ≈ $350 − $195 − ~$5 = ~$150, strongly positive. No shortage last round, no inventory carryover risk at this scale, and reputation remains intact.",Reduced quantity from 100 (fallback) to 50 to avoid R11-style overproduction; kept price at $7.0 for consistency and margin safety; forecast bumped to 194 (vs. observed 196) to counteract persistent negative forecast_bias (-2.9) while respecting signal_smoother discipline — this corrects the severe under-forecasting of low-demand rounds and over-forecasting of high-demand ones by anchoring to recent high signal but tempering with historical smoothing.
7,14,SpotBroker,spot,forecast=42;price=6.20;quantity=30,42,190,196,188.4,-0.9043675636014175,0.0,2.4569055677849825,6.066666666666666,189.99999999999997,11.831385242076038,0.7462878214456072,6.2,30,41.83138524207604,-3.3444546142652714,0.2554788700304129,48.540985305778456,6.709600063702418,0.0,6.709600063702418,0.0,49.31556046821277,0.0,0.0,48.540985305778456,0.0,0.0,0.0,300.95410889582644,115.2,0.0,0.0,0.0,0.006000000000000005,136.43254842761368,1304.5558129270526,1.0,0.0,0,0,0.7472158660842054,0.9937078382610214,0.9939864425454289,0.007349903555586935,0.9937078382610214,0.9939864425454289,0.007349903555586935,"Avg cost = $3.60 + $0.008 * 45 = $3.96. Minimum profitable price = $3.96 + $0.50 = $4.46 — well below $6.15, so pricing is safe. Expected profit: revenue = 45 * $6.15 = $276.75; production cost = 45 * $3.96 = $178.20; holding/obsolescence costs are low (inventory was 11.8 last round, and we’re aligning quantity tightly to recent realized demand ~41–45); no shortage risk (stock_coverage in R13 was 0.89 → slight under-allocation, but no penalty occurred because allocated_demand ≈ realized_sales — meaning demand was fully met at tight capacity). Raising quantity from 40→45 captures latent demand without overstocking; price held near $6.1–$6.2 per strategy review, with +0.09 bias applied automatically. Expected profit > $90 (vs $52.9 in R13), driven by +5 units at strong margin ($2.19/unit gross) and lower per-unit holding drag.","Increased quantity from 40 to 45 to correct chronic under-allocation (R13 stock_coverage=0.89, realized sales=44.95 > quantity=40), while holding price steady at $6.15 — within the recommended $6.1–$6.2 band and above minimum required $4.46. Forecast slashed from 180 to 45, applying the ~0.25 correction factor (45/180 = 0.25) to fix systemic over-forecasting. This directly addresses the core failure: forecast has averaged 184 vs realized 44.6 — a 4x error."
7,15,Hyperscaler,hyperscaler,forecast=171;price=5.00;quantity=120,171,197,193,189.0,11.117764617811122,0.0,-3.2367228958766647,6.066666666666666,197.0,2.4052226290192067,0.7488845057439076,5.0,120,122.4052226290192,-2.5513385931073107,0.5639106261299133,111.09039334759291,0.0,11.314829281426299,0.0,0.0,0.0,0.0,0.0,111.09039334759291,0.0,8.486121961069724,2.8287073203565747,555.4519667379645,576.0,0.8486121961069725,0.7071768300891437,0.0,0.0,-22.103822288231576,430.68068245679797,1.0,0.0,0,0,0.7491633793079306,0.9964920914848335,0.9964920914848335,0.007177242777222009,0.9964920914848335,0.9964920914848335,0.007177242777222009,"Avg cost = $3.00 + $0.015*110 = $4.65. Min profitable price = $4.65 + $0.50 = $5.15 → set $5.20. Observed demand surged to 193, but legal quantity cap is 120; we hold 2.4 units inventory, so 110+2.4=112.4 coverage — insufficient for full demand, but raising quantity beyond 110 risks overstock (R13–14 showed holding/obsolescence costs at >100 units). Expected profit = (5.2*107.24) - (3.00 + 0.015*110)*110 ≈ $557.65 - $511.50 = $46.15, plus minor holding cost. Safely above prior loss ($19 in R13) and avoids overproduction.",Raised price from $5.0 to $5.2 to enforce margin floor after R13’s near-zero profit; held quantity at 110 (cap of legal max 120 minus buffer) to prevent repeat inventory decay; forecast dropped from 171 to 175 — modest upward nudge acknowledging demand surge but respecting capacity and reputation stability.
7,15,PremiumCloud,premium,forecast=187;price=7.00;quantity=70,187,197,193,189.0,11.117764617811122,0.0,-3.2367228958766647,6.066666666666666,197.0,61.29357801223392,0.7587139379678735,7.0,70,131.29357801223392,-3.6895432744385515,0.18067342020861257,35.592663781096675,0.0,95.70091423113725,0.0,10.316942871310417,0.0,75.82953010413156,1.0,35.592663781096675,0.0,68.30717708786146,17.076794271965365,249.1486464676767,287.0,5.464574167028917,3.415358854393073,0.0,0.0,29.098243550386275,572.4908073839648,1.0,0.10780401581528148,0,0,0.7632732044643603,0.9979954808484763,0.9979954808484763,0.05910637531201188,0.9979954808484763,0.9979954808484763,0.05910637531201188,"Avg cost = $3.40 + $0.010*60 = $4.00; min profitable price = $4.50 — $7.0 satisfies floor and maintains SLA/reputation. Observed demand surged to 193 (vs. R14’s 34.2), confirming structural forecast error. R14 quantity=60 sold only 34.2 but generated $34.03 profit with transfer_revenue=$49.32. To avoid overproduction drag while capturing upside, hold price at $7.0 (reputation-stable, no shortages) and keep quantity=60 — sufficient for demand spike without breaching legal max or risking obsolescence. Expected profit > $0.",Kept price at $7.0 (no change) and held quantity at 60 (same as R14) to balance upside capture and inventory discipline; forecast trimmed slightly from R14’s 191 to 190 to reflect observed demand (193) while avoiding R11-style overconfidence.
7,15,SpotBroker,spot,forecast=40;price=6.20;quantity=40,40,197,193,189.0,11.117764617811122,0.0,-3.2367228958766647,6.066666666666666,197.0,0.0,0.7472158660842054,6.2,40,40.0,-3.3433409606989533,0.2554159536614742,50.31694287131042,10.316942871310417,0.0,10.316942871310417,0.0,75.82953010413156,0.0,0.0,50.31694287131042,0.0,0.0,0.0,311.9650458021246,156.8,0.0,0.0,0.0,0.0,79.33551569799306,1383.8913286250456,1.0,0.0,0,0,0.7479118995631541,0.9952808786957661,0.9954898319090717,0.005512427666690201,0.9952808786957661,0.9954898319090717,0.005512427666690201,"Avg cost = 3.60 + 0.008*50 = $4.00; min profitable price = $4.50. At $6.2, profit/unit = $2.20. Expected sales ~44.9 (recent avg), so expected profit ≈ 44.9*$2.20 - holding/obsolescence ≈ $110.76 (matches Round 14’s strong result). Raising quantity from 30→50 captures latent demand without overstock: forecast corrected downward (192→43) using 0.23 factor (44.9/193≈0.23), aligning with realized demand trend.","Increased quantity from 30 to 50 to match stable realized demand (~45) and reduce under-allocation; cut forecast from 192 to 43 using empirical demand ratio (0.23); held price at $6.2 — optimal per strategy review, avoids margin erosion and maintains reputation."
